<?xml version="1.0" encoding="UTF-8"?>
<!--
    This XML file allows us to easily customize the look and language used
    in our program's user interface. Note that this properties file is only
    for the standard controls for an app from the Desktop Java Framework, so
    it would not include things initialized for the workspace, which is
    customizable.
-->
<properties>
    <property_list>
        <property name="APP_TITLE"	    value="TA Manager"></property>
	<property name="APP_LOGO"	    value="TAManagerLogo.png"></property>
	<property name="APP_PATH_CSS"	    value="style/"></property>
	<property name="APP_CSS"	    value="csg_style.css"></property>
	
	<!-- FILE NAMES -->
	<property name="OFFICE_HOURS_GRID_DATA"	    value="OfficeHoursGridData.json"></property>
        
        <!-- PROGRAM ICON FILES -->
        <property name="NEW_ICON"	    value="New.png"></property>
        <property name="LOAD_ICON"	    value="Load.png"></property>
        <property name="SAVE_ICON"	    value="Save.png"></property>
		<property name="SAVE_AS_ICON"	    value="SaveAs.png"></property>
        <property name="EXIT_ICON"          value="Exit.png"></property> 
		<property name="EXPORT_ICON"          value="Export.png"></property> 
		<property name="UNDO_ICON"          value="Undo.png"></property> 
		<property name="REDO_ICON"          value="Redo.png"></property> 
		<property name="ABOUT_ICON"          value="About.png"></property>
		<property name="DELETE_ICON"          value="Delete.png"></property>
		<property name="SCHOOL_BANNER"          value="DefaultBanner.png"></property> 
		<property name="LEFT_BANNER"          value="DefaultLeftBanner.jpg"></property> 
		<property name="RIGHT_BANNER"          value="DefaultRightBanner.png"></property> 
        
        <!-- TOOLTIPS FOR BUTTONS -->
        <property name="NEW_TOOLTIP"		value="Build a new TA Grid"></property>
        <property name="LOAD_TOOLTIP"		value="Load an existing TA Grid"></property>
        <property name="SAVE_TOOLTIP"		value="Save the current TA Grid"></property>
		<property name="SAVE_AS_TOOLTIP"		value="Save the current TA Grid as another file"></property>
        <property name="EXIT_TOOLTIP"		value="Exit the Application"></property>
		<property name="EXPORT_TOOLTIP"		value="Export the Contents"></property>
		<property name="ABOUT_TOOLTIP"		value="Information about this app"></property>
		<property name="UNDO_TOOLTIP"		value="Undo last action"></property>
		<property name="REDO_TOOLTIP"		value="Redo last action"></property>
        
        <!-- ERROR MESSAGES -->
        <property name="CLOSE_BUTTON_TEXT"              value="Close"></property>
        <property name="NEW_ERROR_MESSAGE"              value="An error occured creating New work."></property>
        <property name="NEW_ERROR_TITLE"		value="New Work Error"></property>
        <property name="LOAD_ERROR_MESSAGE"             value="An error occured loading work."></property>
        <property name="LOAD_ERROR_TITLE"		value="Load Work Error"></property>
		<property name="EXPORT_ERROR_MESSAGE"             value="An error occured exporting."></property>
        <property name="EXPORT_ERROR_TITLE"		value="Export Error"></property>
        <property name="SAVE_ERROR_MESSAGE"             value="An error occured saving work."></property>
        <property name="SAVE_ERROR_TITLE"		value="Save Work Error"></property>
        <property name="PROPERTIES_LOAD_ERROR_MESSAGE"	value="An error occured loading a properties file."></property>	
        <property name="PROPERTIES_LOAD_ERROR_TITLE"	value="Properties File Loading Error"></property>
	
        <!-- VERIFICATION MESSAGES -->
		<property name="NEW_COMPLETED_MESSAGE"		value="New work ready for editing"></property>
        <property name="NEW_COMPLETED_TITLE"		value="New Work Created"></property>
        <property name="LOAD_COMPLETED_MESSAGE"		value="File Loading Completed and ready for editing"></property>
        <property name="LOAD_COMPLETED_TITLE"		value="Loading Completed"></property>
        <property name="SAVE_COMPLETED_MESSAGE"		value="File Saving Completed"></property>
        <property name="SAVE_COMPLETED_TITLE"		value="Saving Completed"></property>
		<property name="EXPORT_COMPLETED_TITLE"		value="Export Completed"></property>
		<property name="EXPORT_COMPLETED_MESSAGE"		value="File Exporting Completed"></property>
        <property name="SAVE_UNSAVED_WORK_MESSAGE"	value="Would you like to save your unsaved work first?"></property>
        <property name="SAVE_UNSAVED_WORK_TITLE"	value="Save unsaved work?"></property>
		<property name="COMBO_BOX_MESSAGE"	value="Is it ok to delete reservations that do not belong in the new office hours?"></property>
		<property name="COMBO_BOX_TITLE"	value="Delete reservations?"></property>
		<property name="START_OVER_END_TITLE"		value="Start time over end time"></property>
		<property name="START_OVER_END_MESSAGE"		value="Start time is over the end time, not a valid time"></property>
        <property name="NEW_CREATED_MESSAGE"		value="New Work Created but not yet Saved"></property>
        <property name="WORK_LOADED_MESSAGE"		value="The Work has been Loaded"></property>
        <property name="WORK_SAVED_MESSAGE"		value="The Work has been Saved"></property>
        <property name="SAVE_UNSAVED_WORK_MESSAGE"	value="Do you want to save your unsaved work first?"></property>
		<property name="SAVE_WORK_TITLE"		value="Save your work"></property>
		<property name="CHOOSE_IMAGE_TITLE"		value="Choose your image"></property>
		<property name="LOAD_WORK_TITLE"		value="Select work file to load"></property>
		<property name="WORK_FILE_EXT"			value="json"></property>
		<property name="WORK_FILE_EXT_DESC"		value="Site Save"></property>
		<property name="PNG_FILE_EXT"			value="png"></property>
		<property name="PNG_FILE_EXT_DESC"		value="Image"></property>
		<property name="EXPORT_WORK_TITLE"		value="Export your work"></property>
		<property name="ABOUT_TITLE"		value="About this app"></property>
		<property name="ABOUT_MESSAGE"		value="This app is for creating websites"></property>
		<property name="START_OVER_END_DATE_TITLE"		value="Start date over end date"></property>
		<property name="START_OVER_END_DATE_MESSAGE"		value="Start date is over the end date, not a valid date"></property>
		<property name="INVALID_STARTING_MONDAY_TITLE"		value="Starting Monday Invalid"></property>
		<property name="INVALID_STARTING_MONDAY_MESSAGE"		value="Starting Monday is not a monday"></property>
		<property name="INVALID_ENDING_FRIDAY_TITLE"		value="Ending Friday Invalid"></property>
		<property name="INVALID_ENDING_FRIDAY_MESSAGE"		value="Ending Friday is not a friday"></property>

        <!-- WORKSPACE CONTROLS STUFF -->        
		<property name="COURSE_TAB_HEADER_TEXT"                value="Course Details"></property>
		<property name="TA_TAB_HEADER_TEXT"                value="TA Data"></property>
		<property name="RECITATION_TAB_HEADER_TEXT"                value="Recitation Data"></property>
		<property name="SCHEDULE_TAB_HEADER_TEXT"                value="Schedule Data"></property>
		<property name="PROJECT_TAB_HEADER_TEXT"                value="Project Data"></property>
        <property name="TAS_HEADER_TEXT"                value="Teaching Assistants"></property>
		<property name="COURSE_INFO_HEADER_TEXT"                value="Course Info"></property>
		<property name="SUBJECT_TEXT"                value="Subject"></property>
		<property name="NUMBER_TEXT"                value="Number"></property>
		<property name="SEMESTER_TEXT"                value="Semester"></property>
		<property name="YEAR_TEXT"                value="Year"></property>
		<property name="TITLE_TEXT"                value="Title"></property>
		<property name="INSTRUCTOR_NAME_TEXT"                value="Instructor Name"></property>
		<property name="INSTRUCTOR_HOME_TEXT"                value="Instructor Home"></property>
		<property name="EXPORT_DIR_TEXT"                value="Export Dir"></property>
		<property name="CHANGE_TEXT"                value="Change"></property>
		<property name="SITE_TEMPLATE_HEADER_TEXT"                value="Site Template"></property>
		<property name="SITE_TEMPLATE_ABOUT_TEXT"                value="The selected directory should contain the full site template including the HTML files"></property>
		<property name="USE_COLUMN_TEXT"                value="Use"></property>
		<property name="NAV_BAR_COLUMN_TEXT"                value="Navbar Title"></property>
		<property name="FILE_NAME_COLUMN_TEXT"                value="File Name"></property>
		<property name="SCRIPT_COLUMN_TEXT"                value="Script"></property>
		<property name="SELECT_TEMPLATE_DIRECTORY_TEXT"                value="Select Template Directory"></property>
		<property name="SITE_PAGES_TEXT"                value="Site Pages"></property>
		<property name="PAGE_STYLE_HEADER_TEXT"                value="Page Style"></property>
		<property name="BANNER_SCHOOL_IMAGE_TEXT"                value="Banner School Image"></property>
		<property name="LEFT_FOOTER_IMAGE_TEXT"                value="Left Footer Image"></property>
		<property name="RIGHT_FOOTER_IMAGE_TEXT"                value="Right Footer"></property>
		<property name="STYLESHEET_TEXT"                value="Stylesheet"></property>
		<property name="NOTE_TEXT"                value="NOTE: New stylesheets may be placed in work/css to be selectable"></property>
        <property name="NAME_COLUMN_TEXT"               value="Name"></property>
        <property name="EMAIL_COLUMN_TEXT"              value="Email"></property>
		<property name="UNDERGRAD_COLUMN_TEXT"               value="Undergrad"></property>
		<property name="UNDERGRAD_TEXT"              value="Undergrad"></property>
        <property name="NAME_PROMPT_TEXT"               value="Name"></property>
        <property name="EMAIL_PROMPT_TEXT"              value="Email"></property>
        <property name="ADD_BUTTON_TEXT"                value="Add TA"></property>
		<property name="ADD_RECITATION_BUTTON_TEXT"                value="Add Recitation"></property>
		<property name="ADD_SCHEDULE_BUTTON_TEXT"                value="Add Schedule"></property>
		<property name="ADD_TEAM_BUTTON_TEXT"                value="Add Team"></property>
		<property name="ADD_STUDENT_BUTTON_TEXT"                value="Add Student"></property>
		<property name="CLEAR_BUTTON_TEXT"                value="Clear"></property>
		<property name="UPDATE_BUTTON_TEXT"                value="Update TA"></property>
		<property name="UPDATE_RECITATION_BUTTON_TEXT"                value="Update Recitation"></property>
		<property name="UPDATE_SCHEDULE_BUTTON_TEXT"                value="Update Schedule"></property>
		<property name="UPDATE_TEAM_BUTTON_TEXT"                value="Update Team"></property>
		<property name="UPDATE_STUDENT_BUTTON_TEXT"                value="Update Student"></property>
		<property name="START_TEXT"                value="Start"></property>
		<property name="END_TEXT"                value="End"></property>
        <property name="OFFICE_HOURS_SUBHEADER"         value="Office Hours Grid"></property>
		<property name="EMAIL_VERIFICATION_REGEX"         value="^[_A-Za-z0-9-\+]+@[A-Za-z0-9-]+(A-Za-z0-9_-)*(\.[A-Za-z]{2,})"></property>
		<property name="RECITATION_HEADER_TEXT"                value="Recitations"></property>
		<property name="SECTION_TEXT"                value="Section"></property>
		<property name="INSTRUCTOR_TEXT"                value="Instructor"></property>
		<property name="DAY_AND_TIME_TEXT"                value="Day/Time"></property>
		<property name="LOCATION_TEXT"                value="Location"></property>
		<property name="TA_TEXT"                value="TA"></property>
		<property name="ADD_AND_EDIT_TEXT"                value="Add/Edit"></property>
		<property name="ADD_AND_UPDATE_TEXT"                value="Add/Update"></property>
		<property name="SUPERVISING_TA_TEXT"                value="Supervising TA"></property>
		<property name="SCHEDULE_HEADER_TEXT"                value="Schedule"></property>
		<property name="CALENDAR_BOUNDARIES_TEXT"                value="Calendar Boundaries"></property>
		<property name="STARTING_MONDAY_TEXT"                value="Starting Monday"></property>
		<property name="ENDING_FRIDAY_TEXT"                value="Ending Friday"></property>
		<property name="SCHEDULE_ITEMS_TEXT"                value="Schedule Items"></property>
		<property name="TYPE_TEXT"                value="Type"></property>
		<property name="DATE_TEXT"                value="Date"></property>
		<property name="TIME_TEXT"                value="Time"></property>
		<property name="TOPIC_TEXT"                value="Topic"></property>
		<property name="LINK_TEXT"                value="Link"></property>
		<property name="CRITERIA_TEXT"                value="Criteria"></property>
		<property name="PROJECTS_HEADER_TEXT"                value="Projects"></property>
		<property name="TEAMS_TEXT"                value="Teams"></property>
		<property name="NAME_TEXT"                value="Name"></property>
		<property name="COLOR_TEXT"                value="Color"></property>
		<property name="TEXT_COLOR_TEXT"                value="Text Color"></property>
		<property name="STUDENTS_TEXT"                value="Students"></property>
		<property name="FIRST_NAME_TEXT"                value="First Name"></property>
		<property name="LAST_NAME_TEXT"                value="Last Name"></property>
		<property name="TEAM_TEXT"                value="Team"></property>
		<property name="ROLE_TEXT"                value="Role"></property>
        
        <!-- WORKSPACE ERROR MESSAGES -->
        <property name="MISSING_TA_NAME_TITLE"          value="Missing TA Name"></property>
        <property name="MISSING_TA_NAME_MESSAGE"        value="You must provide a TA Name"></property>
        <property name="MISSING_TA_EMAIL_TITLE"         value="Missing TA Email"></property>
        <property name="MISSING_TA_EMAIL_MESSAGE"       value="You must provide a TA Email"></property>
        <property name="TA_NAME_AND_EMAIL_NOT_UNIQUE_TITLE"     value="TA Name and Email Not Unique"></property>
        <property name="TA_NAME_AND_EMAIL_NOT_UNIQUE_MESSAGE"   value="You must provide a unique TA Name and Email"></property>
		<property name="TA_EMAIL_INVALID_TITLE"   value="Invalid Email"></property>
		<property name="TA_EMAIL_INVALID_MESSAGE"   value="You must provide a valid TA Email"></property>
		<property name="MISSING_RECITATION_SECTION_TITLE"          value="Missing Recitation Section"></property>
        <property name="MISSING_RECITATION_SECTION_MESSAGE"        value="You must provide a Recitation Section"></property>
		<property name="MISSING_RECITATION_LOCATION_TITLE"          value="Missing Recitation Location"></property>
        <property name="MISSING_RECITATION_LOCATION_MESSAGE"        value="You must provide a Recitation Location"></property>
		<property name="MISSING_RECITATION_DAYTIME_TITLE"          value="Missing Recitation Time"></property>
        <property name="MISSING_RECITATION_DAYTIME_MESSAGE"        value="You must provide a Recitation Time"></property>
		<property name="RECITATION_SECTION_NOT_UNIQUE_TITLE"     value="Recitation Section Not Unique"></property>
        <property name="RECITATION_SECTION_NOT_UNIQUE_MESSAGE"   value="You must provide a unique Recitation section"></property>
		<property name="MISSING_SCHEDULE_TYPE_TITLE"          value="Missing Schedule Type"></property>
        <property name="MISSING_SCHEDULE_TYPE_MESSAGE"        value="You must provide a Schedule type"></property>
		<property name="MISSING_SCHEDULE_DATE_TITLE"          value="Missing Schedule Date"></property>
        <property name="MISSING_SCHEDULE_DATE_MESSAGE"        value="You must provide a Schedule date"></property>
		<property name="MISSING_SCHEDULE_TIME_TITLE"          value="Missing Schedule Time"></property>
        <property name="MISSING_SCHEDULE_TIME_MESSAGE"        value="You must provide a Schedule time"></property>
		<property name="MISSING_SCHEDULE_TITLE_TITLE"          value="Missing Schedule Title"></property>
        <property name="MISSING_SCHEDULE_TITLE_MESSAGE"        value="You must provide a Schedule title"></property>
		<property name="MISSING_SCHEDULE_TOPIC_TITLE"          value="Missing Schedule Topic"></property>
        <property name="MISSING_SCHEDULE_TOPIC_MESSAGE"        value="You must provide a Schedule topic"></property>
		<property name="MISSING_SCHEDULE_LINK_TITLE"          value="Missing Schedule Link"></property>
        <property name="MISSING_SCHEDULE_LINK_MESSAGE"        value="You must provide a Schedule link"></property>
		<property name="MISSING_SCHEDULE_CRITERIA_TITLE"          value="Missing Schedule Criteria"></property>
        <property name="MISSING_SCHEDULE_CRITERIA_MESSAGE"        value="You must provide a Schedule criteria"></property>
		<property name="SCHEDULE_NOT_UNIQUE_TITLE"     value="Schedule Date and Type Not Unique"></property>
        <property name="SCHEDULE_NOT_UNIQUE_MESSAGE"   value="You must provide a unique Schedule date and type"></property>
		<property name="MISSING_TEAM_NAME_TITLE"          value="Missing Team Name"></property>
        <property name="MISSING_TEAM_NAME_MESSAGE"        value="You must provide a Team name"></property>
		<property name="MISSING_TEAM_LINK_TITLE"          value="Missing Team Link"></property>
        <property name="MISSING_TEAM_LINK_MESSAGE"        value="You must provide a Team link"></property>
		<property name="TEAM_NOT_UNIQUE_TITLE"     value="Team Name Not Unique"></property>
        <property name="TEAM_NOT_UNIQUE_MESSAGE"   value="You must provide a unique Team name"></property>
		<property name="MISSING_STUDENT_FIRST_NAME_TITLE"          value="Missing Student First Name"></property>
        <property name="MISSING_STUDENT_FIRST_NAME_MESSAGE"        value="You must provide a Student first name"></property>
		<property name="MISSING_STUDENT_LAST_NAME_TITLE"          value="Missing Student Last Name"></property>
        <property name="MISSING_STUDENT_LAST_NAME_MESSAGE"        value="You must provide a Student last name"></property>
		<property name="MISSING_STUDENT_ROLE_TITLE"          value="Student Role Not Valid"></property>
        <property name="MISSING_STUDENT_ROLE_MESSAGE"        value="You must provide a valid Student role"></property>
		<property name="STUDENT_NOT_UNIQUE_TITLE"     value="Student Name Not Unique"></property>
        <property name="STUDENT_NOT_UNIQUE_MESSAGE"   value="You must provide a unique Student"></property>
		<property name="MISSING_STUDENT_TEAM_TITLE"     value="Student Team Missing"></property>
        <property name="MISSING_STUDENT_TEAM_MESSAGE"   value="You must provide a team"></property>
    </property_list>
    <property_options_list>
        <property_options name="OFFICE_HOURS_TABLE_HEADERS">
            <option>Start Time</option>
            <option>End Time</option>
        </property_options>
        <property_options name="DAYS_OF_WEEK">
            <option>MONDAY</option>
            <option>TUESDAY</option>
            <option>WEDNESDAY</option>
            <option>THURSDAY</option>
            <option>FRIDAY</option>
        </property_options>
		<property_options name="ALL_HOURS">
		<option>12:00am</option>
		<option>12:30am</option>
		<option>1:00am</option>
		<option>1:30am</option>
		<option>2:00am</option>
		<option>2:30am</option>
		<option>3:00am</option>
		<option>3:30am</option>
		<option>4:00am</option>
		<option>4:30am</option>
		<option>5:00am</option>
		<option>5:30am</option>
		<option>6:00am</option>
		<option>6:30am</option>
		<option>7:00am</option>
		<option>7:30am</option>
		<option>8:00am</option>
		<option>8:30am</option>
		<option>9:00am</option>
		<option>9:30am</option>
		<option>10:00am</option>
		<option>10:30am</option>
		<option>11:00am</option>
		<option>11:30am</option>
		<option>12:00pm</option>
		<option>12:30pm</option>
		<option>1:00pm</option>
		<option>1:30pm</option>
		<option>2:00pm</option>
		<option>2:30pm</option>
		<option>3:00pm</option>
		<option>3:30pm</option>
		<option>4:00pm</option>
		<option>4:30pm</option>
		<option>5:00pm</option>
		<option>5:30pm</option>
		<option>6:00pm</option>
		<option>6:30pm</option>
		<option>7:00pm</option>
		<option>7:30pm</option>
		<option>8:00pm</option>
		<option>8:30pm</option>
		<option>9:00pm</option>
		<option>9:30pm</option>
		<option>10:00pm</option>
		<option>10:30pm</option>
		<option>11:00pm</option>
		<option>11:30pm</option>
		</property_options>
		<property_options name="ALL_SUBJECTS">
		<option>CSE</option>
		<option>ITS</option>
		</property_options>
		<property_options name="ALL_NUMBERS">
		<option>102</option>
		<option>114</option>
		<option>214</option>
		<option>215</option>
		<option>219</option>
		<option>220</option>
		<option>308</option>
		<option>380</option>
		</property_options>
		<property_options name="ALL_SEMESTERS">
		<option>Fall</option>
		<option>Winter</option>
		<option>Spring</option>
		<option>Summer</option>
		</property_options>
		<property_options name="All_TYPES">
		<option>Holiday</option>
		<option>Lecture</option>
		<option>Reference</option>
		<option>Recitation</option>
		<option>Homework</option>
		</property_options>
    </property_options_list>
</properties>