<?xml version="1.0" encoding="UTF-8"?>
<!--
    This XML file allows us to easily customize the look and language used
    in our program's user interface. Note that this properties file is only
    for the standard controls for an app from the Desktop Java Framework, so
    it would not include things initialized for the workspace, which is
    customizable.
-->
<properties>
    <property_list>
        <property name="APP_TITLE"	    value="TA Manager"></property>
	<property name="APP_LOGO"	    value="TAManagerLogo.png"></property>
	<property name="APP_PATH_CSS"	    value="style/"></property>
	<property name="APP_CSS"	    value="csg_style.css"></property>
	
	<!-- FILE NAMES -->
	<property name="OFFICE_HOURS_GRID_DATA"	    value="OfficeHoursGridData.json"></property>
        
        <!-- PROGRAM ICON FILES -->
        <property name="NEW_ICON"	    value="New.png"></property>
        <property name="LOAD_ICON"	    value="Load.png"></property>
        <property name="SAVE_ICON"	    value="Save.png"></property>
		<property name="SAVE_AS_ICON"	    value="SaveAs.png"></property>
        <property name="EXIT_ICON"          value="Exit.png"></property> 
		<property name="EXPORT_ICON"          value="Export.png"></property> 
		<property name="UNDO_ICON"          value="Undo.png"></property> 
		<property name="REDO_ICON"          value="Redo.png"></property> 
		<property name="ABOUT_ICON"          value="About.png"></property>
		<property name="DELETE_ICON"          value="Delete.png"></property>
		<property name="SCHOOL_BANNER"          value="DefaultBanner.png"></property> 
		<property name="LEFT_BANNER"          value="DefaultLeftBanner.jpg"></property> 
		<property name="RIGHT_BANNER"          value="DefaultRightBanner.png"></property> 
        
        <!-- TOOLTIPS FOR BUTTONS -->
        <property name="NEW_TOOLTIP"		value="Construir una nueva cuadrícula TA"></property>
        <property name="LOAD_TOOLTIP"		value="Cargar una cuadrícula TA existente"></property>
        <property name="SAVE_TOOLTIP"		value="Guardar la actual cuadrícula TA"></property>
		<property name="SAVE_AS_TOOLTIP"		value="Guardar la cuadrícula TA actual como otro archivo"></property>
        <property name="EXIT_TOOLTIP"		value="Salir de la aplicación"></property>
		<property name="EXPORT_TOOLTIP"		value="Exportar el contenido"></property>
		<property name="ABOUT_TOOLTIP"		value="Información sobre esta aplicación"></property>
		<property name="UNDO_TOOLTIP"		value="Deshacer la última acción"></property>
		<property name="REDO_TOOLTIP"		value="Rehacer la última acción"></property>
        
        <!-- ERROR MESSAGES -->
        <property name="CLOSE_BUTTON_TEXT"              value="cerrar"></property>
        <property name="NEW_ERROR_MESSAGE"              value="Se ha producido un error al crear Nuevo trabajo."></property>
        <property name="NEW_ERROR_TITLE"		value="Nuevo error de trabajo"></property>
        <property name="LOAD_ERROR_MESSAGE"             value="Se ha producido un error al cargar el trabajo."></property>
        <property name="LOAD_ERROR_TITLE"		value="Cargar error de trabajo"></property>
		<property name="EXPORT_ERROR_MESSAGE"             value="Ocurrió un error al exportar."></property>
        <property name="EXPORT_ERROR_TITLE"		value="Error de exportación"></property>
        <property name="SAVE_ERROR_MESSAGE"             value="Se ha producido un error al guardar el trabajo."></property>
        <property name="SAVE_ERROR_TITLE"		value="Guardar error de trabajo"></property>
        <property name="PROPERTIES_LOAD_ERROR_MESSAGE"	value="Se ha producido un error al cargar un archivo de propiedades."></property>	
        <property name="PROPERTIES_LOAD_ERROR_TITLE"	value="Error en el archivo de propiedades"></property>
	
        <!-- VERIFICATION MESSAGES -->
		<property name="NEW_COMPLETED_MESSAGE"		value="Nuevo trabajo listo para su edición"></property>
        <property name="NEW_COMPLETED_TITLE"		value="Nuevo trabajo creado"></property>
        <property name="LOAD_COMPLETED_MESSAGE"		value="Carga del archivo Completado y listo para su edición"></property>
        <property name="LOAD_COMPLETED_TITLE"		value="Carga completada"></property>
        <property name="SAVE_COMPLETED_MESSAGE"		value="Archivo guardado completado"></property>
        <property name="SAVE_COMPLETED_TITLE"		value="Guardado completado"></property>
		<property name="EXPORT_COMPLETED_TITLE"		value="Exportación completada"></property>
		<property name="EXPORT_COMPLETED_MESSAGE"		value="Finalización de la exportación de archivos"></property>
        <property name="SAVE_UNSAVED_WORK_MESSAGE"	value="¿Desea guardar primero su trabajo no guardado?"></property>
        <property name="SAVE_UNSAVED_WORK_TITLE"	value="¿Guardar el trabajo no guardado?"></property>
		<property name="COMBO_BOX_MESSAGE"	value="¿Está bien eliminar las reservas que no pertenecen a las nuevas horas de oficina?"></property>
		<property name="COMBO_BOX_TITLE"	value="¿Eliminar reservas?"></property>
		<property name="START_OVER_END_TITLE"		value="Hora de inicio a la hora de finalización"></property>
		<property name="START_OVER_END_MESSAGE"		value="La hora de inicio es superior a la hora de finalización, no es una hora válida"></property>
        <property name="NEW_CREATED_MESSAGE"		value="Nuevo trabajo creado pero aún no guardado"></property>
        <property name="WORK_LOADED_MESSAGE"		value="El trabajo ha sido cargado"></property>
        <property name="WORK_SAVED_MESSAGE"		value="El trabajo ha sido guardado"></property>
        <property name="SAVE_UNSAVED_WORK_MESSAGE"	value="¿Desea guardar primero su trabajo no guardado?"></property>
		<property name="SAVE_WORK_TITLE"		value="Guarda tu trabajo"></property>
		<property name="CHOOSE_IMAGE_TITLE"		value="Elige tu imagen"></property>
		<property name="LOAD_WORK_TITLE"		value="Seleccionar archivo de trabajo para cargar"></property>
		<property name="WORK_FILE_EXT"			value="json"></property>
		<property name="WORK_FILE_EXT_DESC"		value="Site Save"></property>
		<property name="PNG_FILE_EXT"			value="png"></property>
		<property name="PNG_FILE_EXT_DESC"		value="Image"></property>
		<property name="EXPORT_WORK_TITLE"		value="Exportar su trabajo"></property>
		<property name="ABOUT_TITLE"		value="Acerca de esta aplicación"></property>
		<property name="ABOUT_MESSAGE"		value="Esta aplicación es para crear sitios web"></property>
		<property name="START_OVER_END_DATE_TITLE"		value="Fecha de inicio a la fecha de finalización"></property>
		<property name="START_OVER_END_DATE_MESSAGE"		value="La fecha de inicio es superior a la fecha de finalización, no es una fecha válida."></property>
		<property name="INVALID_STARTING_MONDAY_TITLE"		value="Iniciando lunes no válido"></property>
		<property name="INVALID_STARTING_MONDAY_MESSAGE"		value="A partir del lunes no es un lunes"></property>
		<property name="INVALID_ENDING_FRIDAY_TITLE"		value="Terminando el viernes no válido"></property>
		<property name="INVALID_ENDING_FRIDAY_MESSAGE"		value="Terminar el viernes no es un viernes"></property>

        <!-- WORKSPACE CONTROLS STUFF -->        
		<property name="COURSE_TAB_HEADER_TEXT"                value="detalles del curso"></property>
		<property name="TA_TAB_HEADER_TEXT"                value="Datos TA"></property>
		<property name="RECITATION_TAB_HEADER_TEXT"                value="Datos de la Recitación"></property>
		<property name="SCHEDULE_TAB_HEADER_TEXT"                value="Datos del horario"></property>
		<property name="PROJECT_TAB_HEADER_TEXT"                value="Datos del proyecto"></property>
        <property name="TAS_HEADER_TEXT"                value="Asistentes de Enseñanza"></property>
		<property name="COURSE_INFO_HEADER_TEXT"                value="Información del curso"></property>
		<property name="SUBJECT_TEXT"                value="Tema"></property>
		<property name="NUMBER_TEXT"                value="Número"></property>
		<property name="SEMESTER_TEXT"                value="Semestre"></property>
		<property name="YEAR_TEXT"                value="Año"></property>
		<property name="TITLE_TEXT"                value="Título"></property>
		<property name="INSTRUCTOR_NAME_TEXT"                value="Nombre del Instructor"></property>
		<property name="INSTRUCTOR_HOME_TEXT"                value="Instructor Inicio"></property>
		<property name="EXPORT_DIR_TEXT"                value="Dirección de exportación"></property>
		<property name="CHANGE_TEXT"                value="Cambio"></property>
		<property name="SITE_TEMPLATE_HEADER_TEXT"                value="Plantilla de sitio"></property>
		<property name="SITE_TEMPLATE_ABOUT_TEXT"                value="El directorio seleccionado debe contener la plantilla completa del sitio incluyendo los archivos HTML"></property>
		<property name="USE_COLUMN_TEXT"                value="Utilizar"></property>
		<property name="NAV_BAR_COLUMN_TEXT"                value="Título de Navbar"></property>
		<property name="FILE_NAME_COLUMN_TEXT"                value="Nombre del archivo"></property>
		<property name="SCRIPT_COLUMN_TEXT"                value="Guión"></property>
		<property name="SELECT_TEMPLATE_DIRECTORY_TEXT"                value="Seleccionar Directorio de plantillas"></property>
		<property name="SITE_PAGES_TEXT"                value="Páginas del Sitio"></property>
		<property name="PAGE_STYLE_HEADER_TEXT"                value="Estilo de página"></property>
		<property name="BANNER_SCHOOL_IMAGE_TEXT"                value="Banner School Imagen"></property>
		<property name="LEFT_FOOTER_IMAGE_TEXT"                value="Imagen de pie de página izquierda"></property>
		<property name="RIGHT_FOOTER_IMAGE_TEXT"                value="Pie de página derecho"></property>
		<property name="STYLESHEET_TEXT"                value="Hoja de estilo"></property>
		<property name="NOTE_TEXT"                value="NOTA: Las nuevas hojas de estilo se pueden colocar en el trabajo / css para ser seleccionables"></property>
        <property name="NAME_COLUMN_TEXT"               value="Nombre"></property>
        <property name="EMAIL_COLUMN_TEXT"              value="Email"></property>
		<property name="UNDERGRAD_COLUMN_TEXT"               value="Undergrad"></property>
		<property name="UNDERGRAD_TEXT"              value="Undergrad"></property>
        <property name="NAME_PROMPT_TEXT"               value="Nombre"></property>
        <property name="EMAIL_PROMPT_TEXT"              value="Email"></property>
        <property name="ADD_BUTTON_TEXT"                value="Añadir TA"></property>
		<property name="ADD_RECITATION_BUTTON_TEXT"                value="Añadir Recitación"></property>
		<property name="ADD_SCHEDULE_BUTTON_TEXT"                value="Agregar programación"></property>
		<property name="ADD_TEAM_BUTTON_TEXT"                value="Agregar equipo"></property>
		<property name="ADD_STUDENT_BUTTON_TEXT"                value="Añadir estudiante"></property>
		<property name="CLEAR_BUTTON_TEXT"                value="Claro"></property>
		<property name="UPDATE_BUTTON_TEXT"                value="Actualización TA"></property>
		<property name="UPDATE_RECITATION_BUTTON_TEXT"                value="Actualización de la Recitación"></property>
		<property name="UPDATE_SCHEDULE_BUTTON_TEXT"                value="Programa de actualización"></property>
		<property name="UPDATE_TEAM_BUTTON_TEXT"                value="Actualizar equipo"></property>
		<property name="UPDATE_STUDENT_BUTTON_TEXT"                value="Actualizar estudiante"></property>
		<property name="START_TEXT"                value="comienzo"></property>
		<property name="END_TEXT"                value="Fin"></property>
        <property name="OFFICE_HOURS_SUBHEADER"         value="Horario de oficina"></property>
		<property name="EMAIL_VERIFICATION_REGEX"         value="^[_A-Za-z0-9-\+]+@[A-Za-z0-9-]+(A-Za-z0-9_-)*(\.[A-Za-z]{2,})"></property>
		<property name="RECITATION_HEADER_TEXT"                value="Recitaciones"></property>
		<property name="SECTION_TEXT"                value="Sección"></property>
		<property name="INSTRUCTOR_TEXT"                value="Instructor"></property>
		<property name="DAY_AND_TIME_TEXT"                value="Tiempo de día"></property>
		<property name="LOCATION_TEXT"                value="Ubicación"></property>
		<property name="TA_TEXT"                value="TA"></property>
		<property name="ADD_AND_EDIT_TEXT"                value="Añadir / Editar"></property>
		<property name="ADD_AND_UPDATE_TEXT"                value="Añadir / actualizar"></property>
		<property name="SUPERVISING_TA_TEXT"                value="Supervisión de TA"></property>
		<property name="SCHEDULE_HEADER_TEXT"                value="Programar"></property>
		<property name="CALENDAR_BOUNDARIES_TEXT"                value="Límites del calendario"></property>
		<property name="STARTING_MONDAY_TEXT"                value="Empezando el lunes"></property>
		<property name="ENDING_FRIDAY_TEXT"                value="Finalizando el viernes"></property>
		<property name="SCHEDULE_ITEMS_TEXT"                value="Itinerarios"></property>
		<property name="TYPE_TEXT"                value="Tipo"></property>
		<property name="DATE_TEXT"                value="Fecha"></property>
		<property name="TIME_TEXT"                value="Hora"></property>
		<property name="TOPIC_TEXT"                value="Tema"></property>
		<property name="LINK_TEXT"                value="Enlazar"></property>
		<property name="CRITERIA_TEXT"                value="Criterios"></property>
		<property name="PROJECTS_HEADER_TEXT"                value="Proyectos"></property>
		<property name="TEAMS_TEXT"                value="Equipos"></property>
		<property name="NAME_TEXT"                value="Nombre"></property>
		<property name="COLOR_TEXT"                value="Color"></property>
		<property name="TEXT_COLOR_TEXT"                value="Color de texto"></property>
		<property name="STUDENTS_TEXT"                value="Estudiantes"></property>
		<property name="FIRST_NAME_TEXT"                value="Nombre de pila"></property>
		<property name="LAST_NAME_TEXT"                value="Apellido"></property>
		<property name="TEAM_TEXT"                value="Equipo"></property>
		<property name="ROLE_TEXT"                value="Papel"></property>
        
        <!-- WORKSPACE ERROR MESSAGES -->
        <property name="MISSING_TA_NAME_TITLE"          value="Falta el nombre de TA"></property>
        <property name="MISSING_TA_NAME_MESSAGE"        value="Debe proporcionar un nombre de TA"></property>
        <property name="MISSING_TA_EMAIL_TITLE"         value="Falta el correo electrónico de TA"></property>
        <property name="MISSING_TA_EMAIL_MESSAGE"       value="Debe proporcionar un correo electrónico de TA"></property>
        <property name="TA_NAME_AND_EMAIL_NOT_UNIQUE_TITLE"     value="Nombre y correo electrónico de TA no son únicos"></property>
        <property name="TA_NAME_AND_EMAIL_NOT_UNIQUE_MESSAGE"   value="Debe proporcionar un nombre y correo electrónico exclusivo de TA"></property>
		<property name="TA_EMAIL_INVALID_TITLE"   value="Email inválido"></property>
		<property name="TA_EMAIL_INVALID_MESSAGE"   value="Debe proporcionar un correo electrónico de TA válido"></property>
		<property name="MISSING_RECITATION_SECTION_TITLE"          value="Falta la sección de la Recitación"></property>
        <property name="MISSING_RECITATION_SECTION_MESSAGE"        value="Debe proporcionar una sección de recitación"></property>
		<property name="MISSING_RECITATION_LOCATION_TITLE"          value="Falta la ubicación de la Recitación"></property>
        <property name="MISSING_RECITATION_LOCATION_MESSAGE"        value="Debe proporcionar un Lugar de Recitación"></property>
		<property name="MISSING_RECITATION_DAYTIME_TITLE"          value="Falta de tiempo de recitación"></property>
        <property name="MISSING_RECITATION_DAYTIME_MESSAGE"        value="Debe proporcionar un tiempo de recitación"></property>
		<property name="RECITATION_SECTION_NOT_UNIQUE_TITLE"     value="Sección de la recitación no única"></property>
        <property name="RECITATION_SECTION_NOT_UNIQUE_MESSAGE"   value="Debe proporcionar una sección de Recitación única"></property>
		<property name="MISSING_SCHEDULE_TYPE_TITLE"          value="Falta el tipo de programación"></property>
        <property name="MISSING_SCHEDULE_TYPE_MESSAGE"        value="Debe proporcionar un tipo de programación"></property>
		<property name="MISSING_SCHEDULE_DATE_TITLE"          value="Falta la fecha de programación"></property>
        <property name="MISSING_SCHEDULE_DATE_MESSAGE"        value="Debe proporcionar una fecha de programación"></property>
		<property name="MISSING_SCHEDULE_TIME_TITLE"          value="Hora de programación ausente"></property>
        <property name="MISSING_SCHEDULE_TIME_MESSAGE"        value="Debe proporcionar un horario de programación"></property>
		<property name="MISSING_SCHEDULE_TITLE_TITLE"          value="Falta el título de la programación"></property>
        <property name="MISSING_SCHEDULE_TITLE_MESSAGE"        value="Debe proporcionar un título de programación"></property>
		<property name="MISSING_SCHEDULE_TOPIC_TITLE"          value="Falta el horario del tema"></property>
        <property name="MISSING_SCHEDULE_TOPIC_MESSAGE"        value="Debe proporcionar un tema de programación"></property>
		<property name="MISSING_SCHEDULE_LINK_TITLE"          value="Enlace de horario ausente"></property>
        <property name="MISSING_SCHEDULE_LINK_MESSAGE"        value="Debe proporcionar un enlace de programación"></property>
		<property name="MISSING_SCHEDULE_CRITERIA_TITLE"          value="Criterios de horario faltantes"></property>
        <property name="MISSING_SCHEDULE_CRITERIA_MESSAGE"        value="Debe proporcionar un criterio de programación"></property>
		<property name="SCHEDULE_NOT_UNIQUE_TITLE"     value="Fecha y tipo de planificación no únicos"></property>
        <property name="SCHEDULE_NOT_UNIQUE_MESSAGE"   value="Debe proporcionar una fecha y un tipo de planificación únicos"></property>
		<property name="MISSING_TEAM_NAME_TITLE"          value="Falta el nombre del equipo"></property>
        <property name="MISSING_TEAM_NAME_MESSAGE"        value="Debe proporcionar un nombre de Equipo"></property>
		<property name="MISSING_TEAM_LINK_TITLE"          value="Falta el vínculo del equipo"></property>
        <property name="MISSING_TEAM_LINK_MESSAGE"        value="Debe proporcionar un enlace de Equipo"></property>
		<property name="TEAM_NOT_UNIQUE_TITLE"     value="Nombre del equipo no único"></property>
        <property name="TEAM_NOT_UNIQUE_MESSAGE"   value="Debe proporcionar un nombre de equipo único"></property>
		<property name="MISSING_STUDENT_FIRST_NAME_TITLE"          value="Nombre del estudiante faltante"></property>
        <property name="MISSING_STUDENT_FIRST_NAME_MESSAGE"        value="Debe proporcionar un nombre de estudiante"></property>
		<property name="MISSING_STUDENT_LAST_NAME_TITLE"          value="Falta el apellido del estudiante"></property>
        <property name="MISSING_STUDENT_LAST_NAME_MESSAGE"        value="Debe proporcionar un apellido del estudiante"></property>
		<property name="MISSING_STUDENT_ROLE_TITLE"          value="El rol del estudiante no es válido"></property>
        <property name="MISSING_STUDENT_ROLE_MESSAGE"        value="Debe proporcionar un rol de estudiante válido"></property>
		<property name="STUDENT_NOT_UNIQUE_TITLE"     value="Nombre del estudiante no único"></property>
        <property name="STUDENT_NOT_UNIQUE_MESSAGE"   value="Debe proporcionar un estudiante único"></property>
		<property name="MISSING_STUDENT_TEAM_TITLE"     value="Falta el Equipo Estudiantil"></property>
        <property name="MISSING_STUDENT_TEAM_MESSAGE"   value="Debe proporcionar un equipo"></property>
    </property_list>
    <property_options_list>
        <property_options name="OFFICE_HOURS_TABLE_HEADERS">
            <option>Hora de inicio</option>
            <option>Hora de finalización</option>
        </property_options>
        <property_options name="DAYS_OF_WEEK">
            <option>LUNES</option>
            <option>MARTES</option>
            <option>MIÉRCOLES</option>
            <option>JUEVES</option>
            <option>VIERNES</option>
        </property_options>
		<property_options name="ALL_HOURS">
		<option>12:00am</option>
		<option>12:30am</option>
		<option>1:00am</option>
		<option>1:30am</option>
		<option>2:00am</option>
		<option>2:30am</option>
		<option>3:00am</option>
		<option>3:30am</option>
		<option>4:00am</option>
		<option>4:30am</option>
		<option>5:00am</option>
		<option>5:30am</option>
		<option>6:00am</option>
		<option>6:30am</option>
		<option>7:00am</option>
		<option>7:30am</option>
		<option>8:00am</option>
		<option>8:30am</option>
		<option>9:00am</option>
		<option>9:30am</option>
		<option>10:00am</option>
		<option>10:30am</option>
		<option>11:00am</option>
		<option>11:30am</option>
		<option>12:00pm</option>
		<option>12:30pm</option>
		<option>1:00pm</option>
		<option>1:30pm</option>
		<option>2:00pm</option>
		<option>2:30pm</option>
		<option>3:00pm</option>
		<option>3:30pm</option>
		<option>4:00pm</option>
		<option>4:30pm</option>
		<option>5:00pm</option>
		<option>5:30pm</option>
		<option>6:00pm</option>
		<option>6:30pm</option>
		<option>7:00pm</option>
		<option>7:30pm</option>
		<option>8:00pm</option>
		<option>8:30pm</option>
		<option>9:00pm</option>
		<option>9:30pm</option>
		<option>10:00pm</option>
		<option>10:30pm</option>
		<option>11:00pm</option>
		<option>11:30pm</option>
		</property_options>
		<property_options name="ALL_SUBJECTS">
		<option>CSE</option>
		<option>ITS</option>
		</property_options>
		<property_options name="ALL_NUMBERS">
		<option>102</option>
		<option>114</option>
		<option>214</option>
		<option>215</option>
		<option>219</option>
		<option>220</option>
		<option>308</option>
		<option>380</option>
		</property_options>
		<property_options name="ALL_SEMESTERS">
		<option>Fall</option>
		<option>Winter</option>
		<option>Spring</option>
		<option>Summer</option>
		</property_options>
		<property_options name="All_TYPES">
		<option>Holiday</option>
		<option>Lecture</option>
		<option>Reference</option>
		<option>Recitation</option>
		<option>Homework</option>
		</property_options>
    </property_options_list>
</properties>