<?xml version="1.0" encoding="UTF-8"?>
<project-private xmlns="http://www.netbeans.org/ns/project-private/1">
    <editor-bookmarks xmlns="http://www.netbeans.org/ns/editor-bookmarks/2" lastBookmarkId="0"/>
    <open-files xmlns="http://www.netbeans.org/ns/projectui-open-files/2">
        <group>
            <file>file:/C:/Users/David%20Xie/Desktop/CSE%20219%20Homework%205/cse-219-homework-5/CSG_App/src/csg/workspace/CSGWorkspace.java</file>
            <file>file:/C:/Users/David%20Xie/Desktop/CSE%20219%20Homework%205/cse-219-homework-5/CSG_App/src/csg/workspace/CSGController.java</file>
            <file>file:/C:/Users/David%20Xie/Desktop/CSE%20219%20Homework%205/cse-219-homework-5/CSG_App/src/csg/CSGProp.java</file>
            <file>file:/C:/Users/David%20Xie/Desktop/CSE%20219%20Homework%205/cse-219-homework-5/CSG_App/src/csg/jtps/ScheduleEndingFridayState.java</file>
            <file>file:/C:/Users/David%20Xie/Desktop/CSE%20219%20Homework%205/cse-219-homework-5/CSG_App/src/csg/jtps/ScheduleStartingMondayState.java</file>
            <file>file:/C:/Users/David%20Xie/Desktop/CSE%20219%20Homework%205/cse-219-homework-5/CSG_App/src/csg/file/CSGFiles.java</file>
        </group>
    </open-files>
</project-private>
